<dependencies>
  <androidPackages>
    <androidPackage spec="com.google.ads.mediation:duadplatform:1.2.2.0.1">
      <repositories>
        <repository>https://jcenter.bintray.com/</repository>
      </repositories>
    </androidPackage>
    <androidPackage spec="com.android.support:palette-v7:23.4.0">
      <repositories>
        <repository>https://jcenter.bintray.com/</repository>
      </repositories>
    </androidPackage>
  </androidPackages>

  <iosPods>
    <!-- No CocoaPod dependencies for DU Ad Platform -->
  </iosPods>
</dependencies>

