<dependencies>
  <androidPackages>
    <androidPackage spec="com.google.ads.mediation:mopub:5.7.1.0">
      <repositories>
        <repository>https://jcenter.bintray.com/</repository>
        <repository>https://s3.amazonaws.com/moat-sdk-builds</repository>
      </repositories>
    </androidPackage>
  </androidPackages>

  <iosPods>
    <iosPod name="GoogleMobileAdsMediationMoPub" version="5.6.0.1">
      <sources>
        <source>https://github.com/CocoaPods/Specs</source>
      </sources>
    </iosPod>
  </iosPods>
</dependencies>

