<dependencies>
  <androidPackages>
    <androidPackage spec="com.google.ads.mediation:unity:3.1.0.0">
      <repositories>
        <repository>https://jcenter.bintray.com/</repository>
      </repositories>
    </androidPackage>
    <androidPackage spec="com.unity3d.ads:unity-ads:3.1.0">
      <repositories>
        <repository>https://jcenter.bintray.com/</repository>
      </repositories>
    </androidPackage>
  </androidPackages>

  <iosPods>
    <iosPod name="GoogleMobileAdsMediationUnity" version="3.1.0.0">
      <sources>
        <source>https://github.com/CocoaPods/Specs</source>
      </sources>
    </iosPod>
  </iosPods>
</dependencies>

