<dependencies>
  <androidPackages>
    <androidPackage spec="com.google.ads.mediation:mytarget:5.3.9.0">
      <repositories>
        <repository>https://google.bintray.com/mobile-ads-adapters-android</repository>
      </repositories>
    </androidPackage>
    <androidPackage spec="com.my.target:mytarget-sdk:5.3.9">
      <repositories>
        <repository>https://dl.bintray.com/mytarget/maven/</repository>
      </repositories>
    </androidPackage>
  </androidPackages>

  <iosPods>
    <iosPod name="GoogleMobileAdsMediationMyTarget" version="5.0.4.0">
      <sources>
        <source>https://github.com/CocoaPods/Specs</source>
      </sources>
    </iosPod>
  </iosPods>
</dependencies>

