<dependencies>
  <androidPackages>
    <androidPackage spec="com.google.ads.mediation:adcolony:3.3.10.1">
      <repositories>
        <repository>https://adcolony.bintray.com/AdColony</repository>
      </repositories>
    </androidPackage>
    <androidPackage spec="com.adcolony:sdk:3.3.10">
      <repositories>
        <repository>https://adcolony.bintray.com/AdColony</repository>
      </repositories>
    </androidPackage>
  </androidPackages>

  <iosPods>
    <iosPod name="GoogleMobileAdsMediationAdColony" version="3.3.7.2">
      <sources>
        <source>https://github.com/CocoaPods/Specs</source>
      </sources>
    </iosPod>
  </iosPods>
</dependencies>
