<dependencies>
  <androidPackages>
    <androidPackage spec="com.google.ads.mediation:chartboost:7.3.1.1">
      <repositories>
        <repository>https://jcenter.bintray.com/</repository>
      </repositories>
    </androidPackage>
    <androidPackage spec="com.google.android.gms:play-services-base:16.1.0">
      <repositories>
        <repository>https://jcenter.bintray.com/</repository>
      </repositories>
    </androidPackage>
  </androidPackages>

  <iosPods>
    <iosPod name="GoogleMobileAdsMediationChartboost" version="7.5.0.0">
      <sources>
        <source>https://github.com/CocoaPods/Specs</source>
      </sources>
    </iosPod>
  </iosPods>
</dependencies>

