<dependencies>
  <androidPackages>
    <androidPackage spec="com.google.ads.mediation:facebook:5.4.0.0">
      <repositories>
        <repository>https://jcenter.bintray.com/</repository>
      </repositories>
    </androidPackage>
    <androidPackage spec="com.facebook.android:audience-network-sdk:5.4.0">
      <repositories>
        <repository>https://jcenter.bintray.com/</repository>
      </repositories>
    </androidPackage>
  </androidPackages>

  <iosPods>
    <iosPod name="GoogleMobileAdsMediationFacebook" version="5.4.0.0">
      <sources>
        <source>https://github.com/CocoaPods/Specs</source>
      </sources>
    </iosPod>
  </iosPods>
</dependencies>

